Datetime,Open,High,Low,Close,Volume,Close time,Quote asset volume,Number of trades,Taker BUY base asset volume,Taker BUY quote asset volume,Ignore
1606655520.0,0.61717000,0.61816000,0.61623000,0.61765000,269126.10000000,1606655579999,166127.62809400,230,144248.70000000,89044.73653800,0
1606655580.0,0.61767000,0.61767000,0.61604000,0.61739000,486111.10000000,1606655639999,299800.74678100,291,274287.30000000,169145.19524700,0
1606655640.0,0.61750000,0.61823000,0.61683000,0.61783000,890474.30000000,1606655699999,550054.26595600,318,674665.60000000,416776.26801100,0
1606655700.0,0.61784000,0.61784000,0.61665000,0.61706000,162387.10000000,1606655759999,100218.40928200,154,106331.50000000,65622.02267100,0
1606655760.0,0.61694000,0.61760000,0.61568000,0.61706000,737131.50000000,1606655819999,454638.49211500,545,340618.30000000,210083.74248700,0
1606655820.0,0.61702000,0.61862000,0.61635000,0.61844000,476031.10000000,1606655879999,294017.44071500,398,242524.90000000,149764.73461100,0
1606655880.0,0.61846000,0.62061000,0.61773000,0.61980000,784331.00000000,1606655939999,485738.35706600,603,470409.50000000,291336.59244700,0
1606655940.0,0.61980000,0.62081000,0.61923000,0.61933000,328272.80000000,1606655999999,203614.05988400,346,191529.40000000,118791.39107800,0
1606656000.0,0.61933000,0.61998000,0.61875000,0.61952000,431834.90000000,1606656059999,267496.41897200,284,198233.50000000,122798.87428000,0
1606656060.0,0.61967000,0.62100000,0.61926000,0.62059000,1640743.20000000,1606656119999,1017499.88285900,637,1287795.60000000,798497.31643900,0
1606656120.0,0.62053000,0.62150000,0.62000000,0.62148000,561007.10000000,1606656179999,348241.10892800,387,378758.90000000,235131.39938200,0
1606656180.0,0.62148000,0.62350000,0.62123000,0.62330000,671091.20000000,1606656239999,417782.01302500,819,395082.20000000,245963.57553000,0
1606656240.0,0.62335000,0.62350000,0.62199000,0.62241000,585806.40000000,1606656299999,364748.57851800,424,260997.00000000,162505.63215900,0
1606656300.0,0.62224000,0.62250000,0.62033000,0.62043000,451835.30000000,1606656359999,280922.03175700,370,214001.30000000,133078.23041700,0
1606656360.0,0.62042000,0.62056000,0.61924000,0.61941000,235893.60000000,1606656419999,146204.87036800,345,89914.20000000,55726.28934300,0
1606656420.0,0.61947000,0.62099000,0.61900000,0.61971000,422263.70000000,1606656479999,261860.67364800,273,215018.50000000,133334.21894700,0
1606656480.0,0.61971000,0.62020000,0.61900000,0.61962000,206369.80000000,1606656539999,127832.22496900,208,121022.40000000,74959.87266900,0
1606656540.0,0.61970000,0.62047000,0.61835000,0.61844000,353870.10000000,1606656599999,219217.15578000,284,83325.20000000,51618.56290200,0
1606656600.0,0.61843000,0.61843000,0.61646000,0.61696000,341583.20000000,1606656659999,210805.34790300,401,120712.50000000,74522.76124700,0
1606656660.0,0.61702000,0.61838000,0.61620000,0.61752000,576832.50000000,1606656719999,356122.74561700,380,184525.80000000,113931.19311100,0
1606656720.0,0.61763000,0.61845000,0.61709000,0.61845000,181277.80000000,1606656779999,111950.33257100,202,122542.00000000,75682.46503900,0
1606656780.0,0.61832000,0.61998000,0.61762000,0.61816000,402501.60000000,1606656839999,249062.28359200,256,161874.00000000,100105.94582900,0
1606656840.0,0.61816000,0.61905000,0.61718000,0.61820000,562656.60000000,1606656899999,347714.47705700,354,294632.40000000,182086.60182700,0
1606656900.0,0.61810000,0.61921000,0.61800000,0.61877000,192168.80000000,1606656959999,118912.33384100,144,128278.10000000,79378.82339400,0
1606656960.0,0.61894000,0.61946000,0.61822000,0.61924000,149525.40000000,1606657019999,92538.41085300,124,88252.90000000,54614.04129500,0
1606657020.0,0.61921000,0.61950000,0.61773000,0.61773000,177911.10000000,1606657079999,110093.08784700,159,80634.00000000,49879.70643500,0
1606657080.0,0.61784000,0.61790000,0.61481000,0.61691000,882781.20000000,1606657139999,543844.63787800,638,387386.90000000,238614.05071600,0
1606657140.0,0.61677000,0.61681000,0.61338000,0.61359000,819175.70000000,1606657199999,503283.04300500,683,382978.80000000,235231.15027400,0
1606657200.0,0.61369000,0.61550000,0.61347000,0.61524000,683718.40000000,1606657259999,420159.70539600,275,411230.60000000,252708.57120600,0
1606657260.0,0.61532000,0.61620000,0.61487000,0.61620000,330032.80000000,1606657319999,203148.65991700,184,164632.40000000,101339.93776900,0
1606657320.0,0.61626000,0.61635000,0.61448000,0.61576000,286533.30000000,1606657379999,176323.10690900,255,201070.70000000,123739.40412500,0
1606657380.0,0.61576000,0.61626000,0.61451000,0.61455000,346190.90000000,1606657439999,212971.30365900,207,150973.30000000,92875.54081200,0
1606657440.0,0.61452000,0.61545000,0.61366000,0.61446000,651172.60000000,1606657499999,400111.59120900,304,281983.40000000,173288.59771800,0
1606657500.0,0.61425000,0.61506000,0.61337000,0.61448000,688050.50000000,1606657559999,422795.00472700,310,418664.10000000,257246.11804800,0
1606657560.0,0.61458000,0.61618000,0.61438000,0.61597000,442968.30000000,1606657619999,272570.81580100,258,298753.40000000,183869.49216600,0
1606657620.0,0.61600000,0.61650000,0.61541000,0.61646000,210771.70000000,1606657679999,129870.54673600,238,89602.30000000,55217.16517800,0
1606657680.0,0.61647000,0.61837000,0.61639000,0.61837000,316959.60000000,1606657739999,195676.69012700,259,278884.10000000,172177.57979800,0
1606657740.0,0.61838000,0.61900000,0.61770000,0.61880000,303873.00000000,1606657799999,187939.72354100,248,138927.30000000,85943.27912800,0
1606657800.0,0.61899000,0.61899000,0.61650000,0.61731000,433192.00000000,1606657859999,267483.43182000,250,258573.40000000,159582.62873400,0
1606657860.0,0.61752000,0.61765000,0.61600000,0.61715000,477195.70000000,1606657919999,294211.24967900,205,59149.50000000,36479.59151400,0
1606657920.0,0.61715000,0.61800000,0.61715000,0.61800000,108255.70000000,1606657979999,66861.97211900,105,74819.40000000,46208.90236700,0
1606657980.0,0.61799000,0.62050000,0.61799000,0.62013000,864138.90000000,1606658039999,535424.98099600,451,643189.40000000,398486.53687000,0
1606658040.0,0.62018000,0.62085000,0.61954000,0.61978000,421102.30000000,1606658099999,261226.75540300,268,139947.60000000,86826.12131900,0
1606658100.0,0.61954000,0.61995000,0.61883000,0.61962000,392149.40000000,1606658159999,242867.75666700,204,170841.30000000,105799.26619000,0
1606658160.0,0.61962000,0.62070000,0.61962000,0.62070000,453908.70000000,1606658219999,281498.86460000,251,281317.70000000,174458.11275800,0
1606658220.0,0.62070000,0.62300000,0.62070000,0.62268000,891624.00000000,1606658279999,554438.55522300,650,599409.50000000,372790.45150400,0
1606658280.0,0.62258000,0.62319000,0.62166000,0.62167000,785691.20000000,1606658339999,489006.60626900,368,428398.60000000,266629.49558900,0
1606658340.0,0.62188000,0.62370000,0.62169000,0.62359000,515948.80000000,1606658399999,321434.57851100,426,292682.30000000,182369.85702300,0
1606658400.0,0.62361000,0.62551000,0.62256000,0.62301000,1729127.30000000,1606658459999,1079611.83374400,1249,1042592.30000000,651081.59330500,0
1606658460.0,0.62283000,0.62472000,0.62214000,0.62246000,865717.30000000,1606658519999,539632.46766700,608,565185.80000000,352362.34744800,0
1606658520.0,0.62244000,0.62258000,0.62095000,0.62236000,784814.90000000,1606658579999,487811.98971800,581,314258.80000000,195376.04372300,0
1606658580.0,0.62241000,0.62317000,0.62127000,0.62157000,386092.50000000,1606658639999,240216.79596300,385,143752.00000000,89445.38004100,0
1606658640.0,0.62157000,0.62335000,0.62150000,0.62197000,368492.80000000,1606658699999,229421.33619900,381,212279.20000000,132159.16801600,0
1606658700.0,0.62194000,0.62265000,0.62100000,0.62215000,571991.00000000,1606658759999,355767.70720000,488,449555.30000000,279640.61767100,0
1606658760.0,0.62230000,0.62388000,0.62226000,0.62320000,410252.10000000,1606658819999,255633.37717100,355,136989.80000000,85340.67639200,0
1606658820.0,0.62320000,0.62556000,0.62300000,0.62533000,508086.10000000,1606658879999,317390.01250000,618,350780.70000000,219129.81425700,0
1606658880.0,0.62537000,0.62594000,0.62420000,0.62583000,508067.00000000,1606658939999,317659.38836100,539,198595.00000000,124203.40078100,0
1606658940.0,0.62556000,0.62642000,0.62535000,0.62602000,882401.90000000,1606658999999,552309.20951100,766,293840.20000000,183925.41973000,0
1606659000.0,0.62602000,0.62737000,0.62600000,0.62600000,1214232.80000000,1606659059999,760983.61183500,781,624300.70000000,391271.37228800,0
1606659060.0,0.62606000,0.62606000,0.62350000,0.62418000,818749.00000000,1606659119999,511205.85840200,741,474326.50000000,296147.24361100,0
1606659120.0,0.62393000,0.62580000,0.62376000,0.62513000,709977.50000000,1606659179999,443684.13911600,508,356316.40000000,222637.93687300,0
1606659180.0,0.62493000,0.62534000,0.62397000,0.62496000,237539.00000000,1606659239999,148382.39986100,303,102230.70000000,63857.63018500,0
1606659240.0,0.62496000,0.62496000,0.62372000,0.62379000,162820.90000000,1606659299999,101646.07134800,339,75286.70000000,46995.51528600,0
1606659300.0,0.62379000,0.62550000,0.62354000,0.62478000,478447.60000000,1606659359999,298855.79617400,426,352830.60000000,220401.25392500,0
1606659360.0,0.62481000,0.62497000,0.62140000,0.62332000,726956.60000000,1606659419999,452760.51286400,618,193825.80000000,120739.63361300,0
1606659420.0,0.62306000,0.62314000,0.62132000,0.62237000,363866.40000000,1606659479999,226382.87613100,464,150941.80000000,93914.80086900,0
1606659480.0,0.62247000,0.62338000,0.62201000,0.62283000,554443.10000000,1606659539999,345311.35998500,329,182085.00000000,113415.16469900,0
1606659540.0,0.62270000,0.62277000,0.62136000,0.62194000,429627.00000000,1606659599999,267240.29700700,482,131992.50000000,82106.75870800,0
1606659600.0,0.62191000,0.62213000,0.61986000,0.62099000,595644.80000000,1606659659999,369504.70940900,593,226852.70000000,140770.38288600,0
1606659660.0,0.62086000,0.62266000,0.62081000,0.62208000,399690.70000000,1606659719999,248504.43983700,375,227725.10000000,141631.78020400,0
1606659720.0,0.62208000,0.62331000,0.62208000,0.62254000,174995.60000000,1606659779999,108998.69133500,260,106979.20000000,66633.64060800,0
1606659780.0,0.62241000,0.62308000,0.62139000,0.62308000,239542.20000000,1606659839999,149037.68224000,382,83455.70000000,51927.67346400,0
1606659840.0,0.62295000,0.62296000,0.62140000,0.62153000,169299.70000000,1606659899999,105355.88826900,275,75494.00000000,46964.30501400,0
1606659900.0,0.62152000,0.62178000,0.62046000,0.62150000,298071.90000000,1606659959999,185166.44372800,352,196187.00000000,121872.80677200,0
1606659960.0,0.62150000,0.62199000,0.62068000,0.62081000,323216.00000000,1606660019999,200874.15285600,309,119815.80000000,74469.41067100,0
1606660020.0,0.62075000,0.62084000,0.61907000,0.61943000,454226.30000000,1606660079999,281570.35107300,460,152659.20000000,94624.25853300,0
1606660080.0,0.61960000,0.62078000,0.61916000,0.62027000,411693.90000000,1606660139999,255239.10962900,340,245299.70000000,152045.71186500,0
1606660140.0,0.62020000,0.62100000,0.61948000,0.62100000,488413.70000000,1606660199999,302953.69680300,537,360335.90000000,223552.59351800,0
1606660200.0,0.62100000,0.62100000,0.62000000,0.62015000,147350.70000000,1606660259999,91421.27649100,227,106745.80000000,66230.94874100,0
1606660260.0,0.62013000,0.62071000,0.61908000,0.62064000,300474.40000000,1606660319999,186211.20301900,368,106378.60000000,65919.36754400,0
1606660320.0,0.62066000,0.62242000,0.62050000,0.62241000,348206.30000000,1606660379999,216376.79719300,429,169432.30000000,105273.46488700,0
1606660380.0,0.62241000,0.62242000,0.62077000,0.62077000,176643.60000000,1606660439999,109788.11491600,310,106107.20000000,65946.37669800,0
1606660440.0,0.62077000,0.62077000,0.62000000,0.62052000,149594.40000000,1606660499999,92789.16282500,287,94472.10000000,58597.38094800,0
1606660500.0,0.62048000,0.62143000,0.62018000,0.62130000,145925.60000000,1606660559999,90596.05451400,356,104919.40000000,65139.39105900,0
1606660560.0,0.62129000,0.62130000,0.61983000,0.62000000,157918.90000000,1606660619999,98039.13037200,204,56660.30000000,35168.25335600,0
1606660620.0,0.61990000,0.62000000,0.61867000,0.61901000,419255.80000000,1606660679999,259616.47092300,433,219201.10000000,135698.16516200,0
1606660680.0,0.61901000,0.61977000,0.61866000,0.61957000,430285.60000000,1606660739999,266335.84221400,445,269780.30000000,166986.82531900,0
1606660740.0,0.61957000,0.62122000,0.61956000,0.62120000,253768.20000000,1606660799999,157420.32970000,399,188317.20000000,116815.54856200,0
1606660800.0,0.62118000,0.62212000,0.62097000,0.62167000,357902.40000000,1606660859999,222467.21568700,301,193537.60000000,120279.83315900,0
1606660860.0,0.62169000,0.62179000,0.62120000,0.62149000,221685.10000000,1606660919999,137767.64493100,407,118858.90000000,73864.34160900,0
1606660920.0,0.62140000,0.62140000,0.61913000,0.61915000,282541.30000000,1606660979999,175226.10056500,348,118724.40000000,73592.31850900,0
1606660980.0,0.61913000,0.61983000,0.61824000,0.61889000,532048.60000000,1606661039999,329307.74075600,467,114263.00000000,70747.47703900,0
1606661040.0,0.61875000,0.61886000,0.61600000,0.61700000,705683.00000000,1606661099999,435603.20215300,869,343187.00000000,211923.36294700,0
1606661100.0,0.61699000,0.61881000,0.61653000,0.61878000,439171.40000000,1606661159999,271097.41724400,381,271209.30000000,167466.28851500,0
1606661160.0,0.61868000,0.61940000,0.61820000,0.61940000,328418.80000000,1606661219999,203266.35622700,278,124094.90000000,76820.99972100,0
1606661220.0,0.61940000,0.61940000,0.61639000,0.61761000,550828.20000000,1606661279999,340137.53755800,665,295829.90000000,182638.42043600,0
1606661280.0,0.61758000,0.61925000,0.61710000,0.61861000,263611.60000000,1606661339999,162964.01902700,295,188176.00000000,116319.30280500,0
1606661340.0,0.61871000,0.61871000,0.61720000,0.61827000,197084.70000000,1606661399999,121782.89679600,356,98782.70000000,61029.15685200,0
1606661400.0,0.61826000,0.61871000,0.61668000,0.61757000,581589.00000000,1606661459999,359174.31439300,335,173265.80000000,106999.02795100,0
1606661460.0,0.61747000,0.61747000,0.61600000,0.61600000,291776.50000000,1606661519999,179846.56474900,381,68032.90000000,41942.91150700,0
1606661520.0,0.61600000,0.61780000,0.61600000,0.61747000,739866.00000000,1606661579999,456353.58978200,418,408817.50000000,252142.93363800,0
1606661580.0,0.61747000,0.61833000,0.61747000,0.61821000,462973.40000000,1606661639999,286112.15918900,388,270591.60000000,167220.97395300,0
1606661640.0,0.61803000,0.62000000,0.61803000,0.61947000,268899.50000000,1606661699999,166534.16135400,459,146268.00000000,90595.29459200,0
1606661700.0,0.61933000,0.61935000,0.61751000,0.61809000,279459.80000000,1606661759999,172758.70553500,397,140799.90000000,87015.17020400,0
1606661760.0,0.61803000,0.61982000,0.61735000,0.61900000,262157.60000000,1606661819999,162149.22451400,343,108091.80000000,66852.67568300,0
1606661820.0,0.61896000,0.61896000,0.61729000,0.61775000,256104.00000000,1606661879999,158227.41062600,385,141611.00000000,87474.80926900,0
1606661880.0,0.61775000,0.61881000,0.61740000,0.61740000,212568.10000000,1606661939999,131360.74099900,273,59737.20000000,36918.44634200,0
1606661940.0,0.61735000,0.61831000,0.61675000,0.61734000,256243.90000000,1606661999999,158254.99746000,288,130848.90000000,80811.25408600,0
1606662000.0,0.61707000,0.61707000,0.61268000,0.61342000,1676005.70000000,1606662059999,1030376.95069300,907,399639.30000000,245580.04983000,0
1606662060.0,0.61337000,0.61353000,0.61073000,0.61181000,1256333.40000000,1606662119999,768756.48864900,893,573775.30000000,351169.94238700,0
1606662120.0,0.61168000,0.61312000,0.61132000,0.61166000,428805.70000000,1606662179999,262595.33201500,325,194726.50000000,119270.28219100,0
1606662180.0,0.61140000,0.61188000,0.60992000,0.61021000,654344.70000000,1606662239999,399492.15733200,604,232747.30000000,142155.79905200,0
1606662240.0,0.61029000,0.61333000,0.60982000,0.61300000,823688.60000000,1606662299999,503772.11351700,492,439486.80000000,268791.49386800,0
1606662300.0,0.61277000,0.61613000,0.61272000,0.61589000,682350.60000000,1606662359999,419384.85538000,450,365570.60000000,224766.11671100,0
1606662360.0,0.61592000,0.61696000,0.61546000,0.61597000,392525.70000000,1606662419999,241893.32856200,385,197278.50000000,121594.44216300,0
1606662420.0,0.61598000,0.61661000,0.61454000,0.61600000,511599.50000000,1606662479999,314896.42952000,383,276200.00000000,169996.46371600,0
1606662480.0,0.61591000,0.61647000,0.61500000,0.61565000,646239.40000000,1606662539999,397977.81453400,251,331095.00000000,203860.36883000,0
1606662540.0,0.61562000,0.61591000,0.61478000,0.61575000,189986.20000000,1606662599999,116907.10061300,183,75316.10000000,46338.04489600,0
1606662600.0,0.61561000,0.61878000,0.61561000,0.61861000,638378.70000000,1606662659999,394088.72261400,396,308635.40000000,190522.53307700,0
1606662660.0,0.61859000,0.62132000,0.61859000,0.62062000,1143249.00000000,1606662719999,708965.88143700,775,829996.30000000,514691.17999900,0
1606662720.0,0.62062000,0.62140000,0.62000000,0.62037000,412373.00000000,1606662779999,255872.82474300,300,169132.90000000,104957.95024100,0
1606662780.0,0.62035000,0.62118000,0.61882000,0.62014000,592654.50000000,1606662839999,367481.45097900,378,316161.10000000,196048.39150600,0
1606662840.0,0.62013000,0.62044000,0.61892000,0.61925000,355515.10000000,1606662899999,220271.48844700,281,180948.30000000,112118.25856100,0
1606662900.0,0.61916000,0.62119000,0.61916000,0.62069000,304375.00000000,1606662959999,188868.41000600,330,196644.80000000,122012.13874300,0
1606662960.0,0.62084000,0.62116000,0.61920000,0.62010000,586400.90000000,1606663019999,363641.91512800,350,235158.70000000,145805.88907900,0
1606663020.0,0.62010000,0.62051000,0.61919000,0.61979000,241197.40000000,1606663079999,149548.67625600,253,129854.80000000,80496.70471100,0
1606663080.0,0.61985000,0.62071000,0.61926000,0.62028000,249783.20000000,1606663139999,154862.10254700,220,137279.90000000,85096.49921100,0
1606663140.0,0.62022000,0.62156000,0.61977000,0.62062000,827729.30000000,1606663199999,513939.04845500,425,414650.70000000,257460.75538500,0
1606663200.0,0.62062000,0.62103000,0.61951000,0.62013000,397345.90000000,1606663259999,246523.50962500,219,167890.80000000,104125.99920700,0
1606663260.0,0.62013000,0.62028000,0.61915000,0.61956000,249671.00000000,1606663319999,154730.19968000,229,105859.30000000,65597.38945500,0
1606663320.0,0.61951000,0.61957000,0.61790000,0.61837000,709075.10000000,1606663379999,438559.37972800,462,385646.80000000,238429.93636500,0
1606663380.0,0.61824000,0.61873000,0.61749000,0.61873000,422190.20000000,1606663439999,260984.45126800,367,227366.80000000,140538.16569800,0
1606663440.0,0.61866000,0.61866000,0.61700000,0.61777000,281468.30000000,1606663499999,173832.75951400,279,158112.50000000,97647.39401900,0
1606663500.0,0.61777000,0.61905000,0.61752000,0.61780000,235515.30000000,1606663559999,145644.90257500,261,96530.20000000,59699.40705700,0
1606663560.0,0.61763000,0.61899000,0.61707000,0.61806000,227481.50000000,1606663619999,140601.04904500,242,141353.40000000,87371.68741600,0
1606663620.0,0.61795000,0.61943000,0.61770000,0.61868000,113798.30000000,1606663679999,70408.60328900,213,63828.10000000,39497.74291600,0
1606663680.0,0.61858000,0.61885000,0.61800000,0.61871000,125962.40000000,1606663739999,77904.33933400,116,48599.90000000,30061.07787200,0
1606663740.0,0.61874000,0.61874000,0.61669000,0.61737000,232632.90000000,1606663799999,143646.18163000,265,98930.00000000,61074.61299300,0
1606663800.0,0.61715000,0.61784000,0.61539000,0.61783000,615351.60000000,1606663859999,379220.25470600,423,263271.60000000,162301.34410800,0
1606663860.0,0.61799000,0.61974000,0.61783000,0.61937000,356274.60000000,1606663919999,220503.82522800,333,171688.80000000,106263.84364600,0
1606663920.0,0.61920000,0.62100000,0.61920000,0.62086000,357530.50000000,1606663979999,221759.35034200,399,214331.50000000,132931.42595600,0
1606663980.0,0.62082000,0.62100000,0.61931000,0.61998000,534721.10000000,1606664039999,331507.68184900,368,221353.50000000,137242.90034000,0
1606664040.0,0.61996000,0.62000000,0.61775000,0.61801000,449704.50000000,1606664099999,278301.68280300,267,130093.20000000,80502.21172900,0
1606664100.0,0.61818000,0.61925000,0.61758000,0.61859000,202100.00000000,1606664159999,124957.45951700,219,62133.10000000,38416.95534800,0
1606664160.0,0.61855000,0.61855000,0.61554000,0.61557000,492572.30000000,1606664219999,303895.78512800,316,144731.40000000,89199.40767600,0
1606664220.0,0.61582000,0.61691000,0.61554000,0.61627000,242259.70000000,1606664279999,149307.79004800,179,107431.00000000,66213.81492400,0
1606664280.0,0.61623000,0.61827000,0.61616000,0.61771000,185300.40000000,1606664339999,114359.93628700,170,95796.10000000,59119.86952600,0
1606664340.0,0.61750000,0.61764000,0.61610000,0.61688000,368643.30000000,1606664399999,227332.87289600,228,58089.50000000,35849.48436200,0
1606664400.0,0.61683000,0.61683000,0.61535000,0.61629000,411848.20000000,1606664459999,253701.62861100,214,160877.60000000,99103.16644200,0
1606664460.0,0.61629000,0.61661000,0.61500000,0.61555000,285502.50000000,1606664519999,175754.43443200,226,162736.40000000,100180.93708900,0
1606664520.0,0.61566000,0.61672000,0.61500000,0.61636000,424932.60000000,1606664579999,261630.82714300,215,183413.30000000,112967.47941800,0
1606664580.0,0.61636000,0.61636000,0.61465000,0.61543000,375222.20000000,1606664639999,230830.96240500,220,140741.10000000,86578.22812700,0
1606664640.0,0.61543000,0.61698000,0.61536000,0.61584000,241028.70000000,1606664699999,148501.58865600,227,86235.70000000,53127.47720800,0
1606664700.0,0.61576000,0.61684000,0.61480000,0.61493000,387896.60000000,1606664759999,238910.39873600,200,254838.80000000,156954.01323300,0
1606664760.0,0.61480000,0.61555000,0.61360000,0.61503000,479448.70000000,1606664819999,294534.11578900,402,187726.40000000,115367.48943200,0
1606664820.0,0.61503000,0.61600000,0.61451000,0.61596000,214064.70000000,1606664879999,131735.90164800,234,100026.70000000,61545.34123300,0
1606664880.0,0.61598000,0.61777000,0.61548000,0.61682000,382877.30000000,1606664939999,236199.89650600,268,215577.80000000,133035.69658200,0
1606664940.0,0.61682000,0.61726000,0.61623000,0.61678000,119875.90000000,1606664999999,73936.66308300,148,80832.00000000,49853.53897200,0
1606665000.0,0.61671000,0.61671000,0.61551000,0.61600000,373930.90000000,1606665059999,230379.68064600,205,224283.80000000,138150.09662000,0
1606665060.0,0.61600000,0.61610000,0.61465000,0.61537000,211783.20000000,1606665119999,130272.07900100,190,87079.00000000,53565.23457700,0
1606665120.0,0.61506000,0.61690000,0.61484000,0.61666000,143358.60000000,1606665179999,88328.98550200,172,88871.20000000,54763.09342400,0
1606665180.0,0.61671000,0.61698000,0.61590000,0.61678000,161979.80000000,1606665239999,99835.41728400,158,97693.20000000,60211.31082800,0
1606665240.0,0.61678000,0.61800000,0.61623000,0.61650000,373792.20000000,1606665299999,230770.42652400,251,187893.00000000,116020.10946400,0
1606665300.0,0.61650000,0.61757000,0.61650000,0.61707000,139693.50000000,1606665359999,86198.06221300,156,93750.70000000,57850.91160500,0
1606665360.0,0.61707000,0.61787000,0.61687000,0.61708000,253508.60000000,1606665419999,156512.26441800,190,126610.10000000,78179.50856000,0
1606665420.0,0.61735000,0.61768000,0.61657000,0.61741000,213577.70000000,1606665479999,131785.78389500,162,142574.10000000,87984.10432400,0
1606665480.0,0.61756000,0.61819000,0.61718000,0.61795000,404568.90000000,1606665539999,249926.42947800,299,212995.20000000,131597.63029600,0
1606665540.0,0.61791000,0.61820000,0.61667000,0.61818000,427026.90000000,1606665599999,263759.66336200,270,264742.10000000,163546.21661600,0
1606665600.0,0.61816000,0.61850000,0.61608000,0.61645000,379062.10000000,1606665659999,234126.21339200,345,122650.60000000,75762.88296100,0
1606665660.0,0.61652000,0.61697000,0.61459000,0.61497000,715024.30000000,1606665719999,440248.75964500,517,376982.40000000,232099.21595800,0
1606665720.0,0.61509000,0.61522000,0.61224000,0.61224000,1034485.20000000,1606665779999,634566.55596900,659,450516.30000000,276283.57872700,0
1606665780.0,0.61222000,0.61411000,0.61200000,0.61259000,897169.80000000,1606665839999,549928.19330200,649,394320.70000000,241736.53288800,0
1606665840.0,0.61251000,0.61251000,0.60600000,0.60600000,2533011.10000000,1606665899999,1542476.82923600,2021,769620.30000000,468461.03956000,0
1606665900.0,0.60600000,0.60644000,0.59417000,0.59686000,8363747.40000000,1606665959999,5014209.34200900,5354,3544845.20000000,2124308.79046200,0
1606665960.0,0.59724000,0.59993000,0.59684000,0.59770000,2484633.50000000,1606666019999,1487116.47653700,1495,1359844.70000000,813803.11550300,0
1606666020.0,0.59751000,0.59796000,0.58859000,0.59187000,4977979.40000000,1606666079999,2947062.62097300,3339,2101621.90000000,1243857.47126300,0
1606666080.0,0.59199000,0.59542000,0.59115000,0.59410000,2550181.90000000,1606666139999,1512946.65358400,1750,1160591.80000000,688868.74181700,0
1606666140.0,0.59452000,0.59584000,0.59318000,0.59563000,1461764.10000000,1606666199999,869153.60511300,1267,696464.40000000,414261.98989100,0
1606666200.0,0.59563000,0.59970000,0.59505000,0.59936000,1682089.90000000,1606666259999,1005806.18338200,1409,1100161.70000000,658184.46906700,0
1606666260.0,0.59936000,0.59988000,0.59754000,0.59777000,1409716.40000000,1606666319999,843735.92285200,1153,613945.10000000,367532.89829700,0
1606666320.0,0.59768000,0.59865000,0.59600000,0.59601000,1397617.00000000,1606666379999,835487.62859700,1346,903429.90000000,540202.01817200,0
1606666380.0,0.59601000,0.59620000,0.59248000,0.59319000,1569519.80000000,1606666439999,932905.54994700,1156,638602.80000000,379504.53061000,0
1606666440.0,0.59319000,0.59487000,0.59309000,0.59335000,1263893.30000000,1606666499999,750869.83908500,892,727610.50000000,432304.13106800,0
1606666500.0,0.59337000,0.59891000,0.59329000,0.59810000,2033848.80000000,1606666559999,1213090.34483100,1298,1197275.50000000,713695.60251200,0
1606666560.0,0.59823000,0.59887000,0.59536000,0.59642000,1677288.40000000,1606666619999,1002910.33181300,1100,805507.30000000,481593.32108700,0
1606666620.0,0.59643000,0.59740000,0.59560000,0.59735000,1255895.90000000,1606666679999,749118.82564500,818,658164.90000000,392590.64125700,0
1606666680.0,0.59719000,0.59900000,0.59679000,0.59866000,666050.20000000,1606666739999,398321.68748700,646,445219.30000000,266303.56790900,0
1606666740.0,0.59891000,0.59972000,0.59638000,0.59669000,973889.10000000,1606666799999,582764.05483200,812,455826.90000000,272697.30157400,0
1606666800.0,0.59649000,0.59730000,0.59382000,0.59538000,1951337.10000000,1606666859999,1161433.05325500,1264,805165.20000000,479280.39721900,0
1606666860.0,0.59530000,0.59536000,0.59000000,0.59283000,2635114.70000000,1606666919999,1559501.86412700,1670,1092981.00000000,647298.72587000,0
1606666920.0,0.59288000,0.59410000,0.59081000,0.59100000,871555.50000000,1606666979999,516343.98323300,769,443604.40000000,262855.57593200,0
1606666980.0,0.59096000,0.59271000,0.58758000,0.58804000,2110248.60000000,1606667039999,1245353.56307500,1371,668514.30000000,394468.47538900,0
1606667040.0,0.58821000,0.59082000,0.58507000,0.58729000,3447968.30000000,1606667099999,2029702.25710900,1854,1431176.70000000,842905.20422900,0
1606667100.0,0.58719000,0.58886000,0.58400000,0.58812000,3979337.00000000,1606667159999,2330914.71210000,2226,1670416.80000000,978774.45287300,0
1606667160.0,0.58800000,0.59118000,0.58769000,0.58930000,1904573.30000000,1606667219999,1123510.81040200,1102,852108.60000000,502642.36283700,0
1606667220.0,0.58930000,0.59382000,0.58884000,0.59113000,1368449.40000000,1606667279999,809683.46749800,1144,736212.60000000,435677.70830000,0
1606667280.0,0.59141000,0.59368000,0.59071000,0.59297000,737540.30000000,1606667339999,436739.23435600,639,507470.60000000,300448.56899600,0
1606667340.0,0.59296000,0.59330000,0.59255000,0.59316000,396257.20000000,1606667399999,234938.12210500,404,194028.30000000,115050.27945400,0
1606667400.0,0.59316000,0.59324000,0.58971000,0.59215000,1970160.70000000,1606667459999,1164326.02477300,936,952707.30000000,562919.44061500,0
1606667460.0,0.59210000,0.59388000,0.59142000,0.59328000,1065737.60000000,1606667519999,631752.88027300,676,708699.30000000,420153.71771900,0
1606667520.0,0.59328000,0.59764000,0.59328000,0.59737000,1273667.30000000,1606667579999,758566.15095800,1012,857002.10000000,510356.15558900,0
1606667580.0,0.59735000,0.59765000,0.59540000,0.59709000,1365766.90000000,1606667639999,815045.30210900,769,759374.30000000,453170.42555500,0
1606667640.0,0.59720000,0.59900000,0.59610000,0.59861000,749861.20000000,1606667699999,448414.45857700,510,569663.90000000,340731.88496600,0
1606667700.0,0.59873000,0.59890000,0.59659000,0.59673000,889817.60000000,1606667759999,531549.30729900,606,367971.10000000,219816.51756600,0
1606667760.0,0.59672000,0.59753000,0.59600000,0.59611000,420748.80000000,1606667819999,250992.60467000,435,185174.90000000,110483.19597800,0
1606667820.0,0.59606000,0.59708000,0.59476000,0.59691000,636247.70000000,1606667879999,379097.36093800,537,285026.30000000,169781.15283100,0
1606667880.0,0.59686000,0.59700000,0.59515000,0.59680000,765236.30000000,1606667939999,456310.80091800,416,391747.10000000,233610.65834100,0
1606667940.0,0.59680000,0.59762000,0.59636000,0.59636000,559203.20000000,1606667999999,333887.56214000,463,221464.70000000,132248.35311800,0
1606668000.0,0.59650000,0.59947000,0.59636000,0.59947000,386278.30000000,1606668059999,231140.54350700,417,209959.30000000,125638.67192200,0
1606668060.0,0.59947000,0.60113000,0.59916000,0.60050000,1945618.10000000,1606668119999,1167646.53854500,1032,1167401.30000000,700599.27034400,0
1606668120.0,0.60050000,0.60278000,0.59946000,0.59971000,1275483.90000000,1606668179999,766893.61548500,877,596539.80000000,358869.92486200,0
1606668180.0,0.59986000,0.60100000,0.59919000,0.60027000,918306.30000000,1606668239999,551002.67653600,653,599198.40000000,359513.10390200,0
1606668240.0,0.60027000,0.60034000,0.59786000,0.59802000,774551.30000000,1606668299999,464031.46088500,561,367418.70000000,220141.71755500,0
1606668300.0,0.59802000,0.60024000,0.59719000,0.59964000,746409.80000000,1606668359999,447237.96413500,569,402691.50000000,241351.35197500,0
1606668360.0,0.59980000,0.60072000,0.59933000,0.59987000,1007129.40000000,1606668419999,604234.80782000,481,471271.00000000,282750.13404900,0
1606668420.0,0.59994000,0.60122000,0.59986000,0.60000000,669061.50000000,1606668479999,401830.97684200,476,332404.40000000,199662.61023500,0
1606668480.0,0.60006000,0.60038000,0.59909000,0.59917000,1114258.90000000,1606668539999,668304.31954600,643,428309.50000000,256857.51552100,0
1606668540.0,0.59917000,0.60007000,0.59803000,0.59871000,533064.20000000,1606668599999,319192.94393500,318,166498.50000000,99723.12722400,0
1606668600.0,0.59885000,0.59944000,0.59642000,0.59932000,747540.70000000,1606668659999,446894.40942800,590,410864.20000000,245661.17192700,0
1606668660.0,0.59934000,0.60135000,0.59847000,0.60092000,560123.40000000,1606668719999,336068.05651800,427,331267.10000000,198843.59152000,0
1606668720.0,0.60098000,0.60194000,0.60025000,0.60059000,921522.40000000,1606668779999,553902.55558500,531,545846.10000000,328078.63905000,0
1606668780.0,0.60061000,0.60061000,0.59842000,0.60048000,463259.40000000,1606668839999,277850.31122300,386,295989.00000000,177499.09501400,0
1606668840.0,0.60055000,0.60055000,0.59915000,0.59994000,299801.60000000,1606668899999,179818.22403800,228,143433.30000000,86019.63768900,0
1606668900.0,0.59997000,0.60066000,0.59982000,0.60028000,444339.50000000,1606668959999,266714.37591300,220,232910.60000000,139777.71382300,0
1606668960.0,0.60031000,0.60280000,0.60031000,0.60197000,866626.50000000,1606669019999,521627.40464100,607,486939.90000000,293117.95817000,0
1606669020.0,0.60200000,0.60201000,0.60035000,0.60065000,412395.60000000,1606669079999,247837.21931800,339,207307.40000000,124597.89474600,0
1606669080.0,0.60064000,0.60262000,0.60064000,0.60223000,336875.80000000,1606669139999,202757.39715600,275,130788.20000000,78716.16406000,0
1606669140.0,0.60223000,0.60306000,0.60155000,0.60241000,569495.70000000,1606669199999,343223.18490600,373,319909.50000000,192804.26579200,0
1606669200.0,0.60237000,0.60270000,0.59861000,0.59884000,941572.90000000,1606669259999,565647.44595200,709,453478.90000000,272538.96872500,0
1606669260.0,0.59890000,0.60114000,0.59801000,0.60046000,728685.50000000,1606669319999,436720.79405100,645,341226.10000000,204541.77055600,0
1606669320.0,0.60045000,0.60170000,0.59913000,0.60064000,699727.40000000,1606669379999,419933.50973600,447,368463.60000000,221102.36688300,0
1606669380.0,0.60095000,0.60101000,0.59855000,0.59928000,447656.30000000,1606669439999,268502.76545200,386,185451.80000000,111206.14493600,0
1606669440.0,0.59953000,0.60076000,0.59893000,0.60033000,610681.40000000,1606669499999,366284.54591100,407,197800.50000000,118675.48559400,0
1606669500.0,0.60034000,0.60148000,0.59967000,0.60080000,982923.00000000,1606669559999,590331.52144300,376,413930.20000000,248602.32573100,0
1606669560.0,0.60098000,0.60148000,0.59904000,0.59977000,452421.60000000,1606669619999,271437.71923000,376,204129.70000000,122456.25467500,0
1606669620.0,0.59992000,0.60024000,0.59887000,0.59945000,535016.30000000,1606669679999,320741.82640300,357,219331.10000000,131480.31176600,0
1606669680.0,0.59945000,0.59985000,0.59854000,0.59920000,236198.20000000,1606669739999,141559.26867900,228,147807.30000000,88578.82053000,0
1606669740.0,0.59920000,0.60076000,0.59919000,0.60039000,427313.70000000,1606669799999,256447.51673000,366,218455.70000000,131091.75333800,0
1606669800.0,0.60038000,0.60100000,0.59958000,0.60039000,222073.20000000,1606669859999,133332.53009000,226,129498.30000000,77753.99120500,0
1606669860.0,0.60039000,0.60057000,0.60001000,0.60025000,245497.30000000,1606669919999,147370.18559000,188,178843.50000000,107358.64073400,0
1606669920.0,0.60022000,0.60050000,0.59880000,0.59899000,693264.80000000,1606669979999,415657.77605200,381,249966.50000000,149921.15657200,0
1606669980.0,0.59895000,0.59930000,0.59756000,0.59869000,842723.80000000,1606670039999,504248.88558100,610,366371.90000000,219232.90977700,0
1606670040.0,0.59876000,0.60080000,0.59827000,0.60076000,540659.60000000,1606670099999,324255.49886500,420,348199.00000000,208892.26829900,0
1606670100.0,0.60078000,0.60359000,0.60000000,0.60359000,1086412.50000000,1606670159999,653958.38729700,996,642651.90000000,386855.66008800,0
1606670160.0,0.60359000,0.60642000,0.60352000,0.60632000,1248322.30000000,1606670219999,754856.13381900,1259,845253.30000000,511128.86068700,0
1606670220.0,0.60632000,0.60688000,0.60439000,0.60580000,1118265.20000000,1606670279999,677461.42120000,864,470613.50000000,285188.06466400,0
1606670280.0,0.60580000,0.60786000,0.60580000,0.60786000,875315.20000000,1606670339999,531136.08199700,762,388380.90000000,235658.01673000,0
1606670340.0,0.60763000,0.60786000,0.60497000,0.60602000,779460.80000000,1606670399999,472209.12418000,486,396234.00000000,239936.69764500,0
1606670400.0,0.60592000,0.60701000,0.60400000,0.60701000,711575.60000000,1606670459999,430649.82709700,555,352267.20000000,213159.77498200,0
1606670460.0,0.60700000,0.61000000,0.60638000,0.60994000,922290.80000000,1606670519999,561154.90149200,977,512229.90000000,311775.61400300,0
1606670520.0,0.60981000,0.61034000,0.60839000,0.61000000,1221791.00000000,1606670579999,744775.74938000,844,679858.30000000,414481.31944300,0
1606670580.0,0.61000000,0.61076000,0.60910000,0.61013000,1146623.50000000,1606670639999,699459.11859100,607,645744.80000000,393907.12378900,0
1606670640.0,0.61013000,0.61100000,0.60868000,0.60964000,809223.90000000,1606670699999,493824.40974500,619,399227.20000000,243638.07751500,0
1606670700.0,0.60989000,0.61076000,0.60892000,0.60956000,640556.60000000,1606670759999,390640.77441100,484,437844.10000000,267014.36103000,0
1606670760.0,0.60939000,0.60991000,0.60624000,0.60717000,810522.70000000,1606670819999,493150.70160300,551,418900.80000000,255038.68108700,0
1606670820.0,0.60692000,0.60863000,0.60687000,0.60727000,514681.10000000,1606670879999,312790.51134900,377,308501.00000000,187516.41449200,0
1606670880.0,0.60734000,0.60735000,0.60472000,0.60665000,933311.40000000,1606670939999,565603.79092200,663,379223.30000000,229855.90412100,0
1606670940.0,0.60645000,0.60719000,0.60559000,0.60702000,382454.50000000,1606670999999,231910.22137500,409,197348.30000000,119671.71190700,0
1606671000.0,0.60703000,0.60939000,0.60697000,0.60893000,887212.40000000,1606671059999,539507.81513800,560,504667.20000000,306884.12159500,0
1606671060.0,0.60882000,0.60887000,0.60494000,0.60494000,684741.90000000,1606671119999,415300.46428500,465,329685.60000000,199920.61272500,0
1606671120.0,0.60511000,0.60632000,0.60468000,0.60556000,440928.80000000,1606671179999,266988.33977800,366,263268.20000000,159412.48909900,0
1606671180.0,0.60548000,0.60603000,0.60439000,0.60538000,394715.60000000,1606671239999,238972.77706800,248,254490.20000000,154095.77865100,0
1606671240.0,0.60578000,0.60600000,0.60338000,0.60433000,502539.40000000,1606671299999,303747.46079800,483,244245.70000000,147619.81735900,0
1606671300.0,0.60408000,0.60569000,0.60408000,0.60528000,390953.90000000,1606671359999,236537.34949200,311,178957.20000000,108270.51172700,0
1606671360.0,0.60502000,0.60528000,0.60345000,0.60368000,197203.40000000,1606671419999,119125.15743700,281,106135.10000000,64097.66576000,0
1606671420.0,0.60372000,0.60445000,0.60235000,0.60329000,433411.60000000,1606671479999,261568.18219100,483,184934.90000000,111615.67257300,0
1606671480.0,0.60343000,0.60555000,0.60343000,0.60555000,267323.90000000,1606671539999,161549.14942700,313,142293.50000000,86010.91733500,0
1606671540.0,0.60555000,0.60678000,0.60386000,0.60546000,546949.80000000,1606671599999,331040.75479900,434,256493.10000000,155236.50393700,0
1606671600.0,0.60566000,0.60615000,0.60399000,0.60413000,463557.20000000,1606671659999,280289.95032800,248,264130.90000000,159723.41963800,0
1606671660.0,0.60451000,0.60553000,0.60375000,0.60452000,439843.70000000,1606671719999,265807.00536800,323,123270.60000000,74528.58770500,0
1606671720.0,0.60445000,0.60549000,0.60400000,0.60549000,103281.90000000,1606671779999,62459.19927700,178,55230.10000000,33399.65169800,0
1606671780.0,0.60536000,0.60536000,0.60413000,0.60424000,82312.30000000,1606671839999,49774.10643900,77,19562.00000000,11829.08936700,0
1606671840.0,0.60441000,0.60464000,0.60351000,0.60425000,88255.70000000,1606671899999,53301.39644000,101,42332.60000000,25569.85787900,0
1606671900.0,0.60442000,0.60582000,0.60442000,0.60525000,474703.10000000,1606671959999,287328.58956500,200,331088.90000000,200436.34811500,0
1606671960.0,0.60525000,0.60768000,0.60525000,0.60700000,452221.00000000,1606672019999,274364.98949700,406,256765.70000000,155721.96543600,0
1606672020.0,0.60701000,0.60701000,0.60480000,0.60529000,459971.40000000,1606672079999,278711.62274100,322,227971.20000000,138128.25032200,0
1606672080.0,0.60528000,0.60584000,0.60467000,0.60519000,112133.40000000,1606672139999,67875.32691300,131,63118.20000000,38198.70278500,0
1606672140.0,0.60574000,0.60715000,0.60561000,0.60671000,114944.00000000,1606672199999,69713.24952900,128,40878.70000000,24802.79682600,0
1606672200.0,0.60669000,0.60673000,0.60515000,0.60566000,213508.20000000,1606672259999,129288.65831700,201,115937.60000000,70191.66710400,0
1606672260.0,0.60570000,0.60632000,0.60486000,0.60631000,170849.70000000,1606672319999,103472.00411500,190,102520.50000000,62095.17011500,0
1606672320.0,0.60632000,0.60721000,0.60632000,0.60704000,211868.40000000,1606672379999,128570.23278200,199,110296.30000000,66926.60882800,0
1606672380.0,0.60700000,0.60850000,0.60656000,0.60693000,372188.40000000,1606672439999,226065.58124600,307,216781.70000000,131686.12329000,0
1606672440.0,0.60678000,0.60850000,0.60673000,0.60701000,184568.70000000,1606672499999,112164.88917300,205,123483.60000000,75035.85584200,0
1606672500.0,0.60714000,0.60726000,0.60514000,0.60572000,240173.90000000,1606672559999,145591.47964400,225,79864.80000000,48376.51045300,0
1606672560.0,0.60572000,0.60634000,0.60401000,0.60463000,221531.20000000,1606672619999,134029.97450200,245,103593.70000000,62664.36947000,0
1606672620.0,0.60464000,0.60464000,0.60301000,0.60348000,371249.40000000,1606672679999,224143.88590200,335,203463.30000000,122851.02574900,0
1606672680.0,0.60348000,0.60387000,0.60303000,0.60325000,297642.30000000,1606672739999,179604.05378700,253,164845.40000000,99472.66578800,0
1606672740.0,0.60320000,0.60320000,0.60076000,0.60100000,927351.00000000,1606672799999,558149.02793200,730,238545.40000000,143656.52838800,0
1606672800.0,0.60099000,0.60243000,0.60058000,0.60187000,448388.70000000,1606672859999,269726.84762200,373,272035.50000000,163672.30867900,0
1606672860.0,0.60193000,0.60250000,0.60123000,0.60144000,287540.40000000,1606672919999,173104.35601300,351,149621.20000000,90081.64687600,0
1606672920.0,0.60134000,0.60184000,0.59908000,0.59960000,1115809.50000000,1606672979999,669640.60064900,845,517385.00000000,310556.46355900,0
1606672980.0,0.59960000,0.60175000,0.59910000,0.60100000,654563.80000000,1606673039999,392875.87950400,562,409947.60000000,245959.92472500,0
1606673040.0,0.60100000,0.60120000,0.59932000,0.59959000,287102.70000000,1606673099999,172341.19662000,314,131835.40000000,79153.67068000,0
1606673100.0,0.59959000,0.60100000,0.59904000,0.60087000,631292.50000000,1606673159999,378714.93187000,399,393105.80000000,235927.36395400,0
1606673160.0,0.60086000,0.60178000,0.59974000,0.60066000,396903.60000000,1606673219999,238391.24063500,479,224315.70000000,134782.05989700,0
1606673220.0,0.60067000,0.60082000,0.59901000,0.59996000,384612.30000000,1606673279999,230754.94068500,407,163786.60000000,98290.57348300,0
1606673280.0,0.59986000,0.60133000,0.59950000,0.60087000,279607.60000000,1606673339999,167918.08774900,302,200212.30000000,120232.16654300,0
1606673340.0,0.60079000,0.60150000,0.60035000,0.60137000,450807.30000000,1606673399999,270863.06226100,225,281507.60000000,169142.84830800,0
1606673400.0,0.60142000,0.60224000,0.60085000,0.60133000,344882.60000000,1606673459999,207485.32607700,242,179453.90000000,107968.77600600,0
1606673460.0,0.60133000,0.60182000,0.60027000,0.60120000,249636.20000000,1606673519999,150026.77055200,231,184035.50000000,110601.56984300,0
1606673520.0,0.60118000,0.60220000,0.60107000,0.60182000,182669.40000000,1606673579999,109884.79687500,145,72624.30000000,43694.22816600,0
1606673580.0,0.60184000,0.60215000,0.60134000,0.60140000,103984.30000000,1606673639999,62582.01406500,81,44820.10000000,26975.35370400,0
1606673640.0,0.60140000,0.60200000,0.60101000,0.60200000,200687.40000000,1606673699999,120698.73511200,131,126250.70000000,75933.54868800,0
1606673700.0,0.60200000,0.60250000,0.60157000,0.60241000,139110.60000000,1606673759999,83757.92869900,143,49229.80000000,29648.14974900,0
1606673760.0,0.60238000,0.60250000,0.60066000,0.60066000,347830.90000000,1606673819999,209300.87985200,214,65408.00000000,39371.32668200,0
1606673820.0,0.60067000,0.60069000,0.59638000,0.59757000,1633225.80000000,1606673879999,976473.02894700,1085,651076.90000000,389050.10045100,0
1606673880.0,0.59736000,0.59921000,0.59690000,0.59855000,534599.00000000,1606673939999,319654.19380700,499,307785.20000000,184051.25936500,0
1606673940.0,0.59856000,0.59856000,0.59500000,0.59616000,1232340.80000000,1606673999999,734792.59478200,845,478122.30000000,284997.61222200,0
1606674000.0,0.59600000,0.59800000,0.59567000,0.59627000,577138.80000000,1606674059999,344463.14116400,499,240556.40000000,143589.95386900,0
1606674060.0,0.59616000,0.59620000,0.59331000,0.59399000,658531.30000000,1606674119999,391447.83452200,755,405602.70000000,241138.12838000,0
1606674120.0,0.59399000,0.59700000,0.59399000,0.59700000,657338.30000000,1606674179999,391538.00375300,584,516643.90000000,307707.46032200,0
1606674180.0,0.59699000,0.59712000,0.59519000,0.59590000,409447.30000000,1606674239999,244008.26845000,380,176349.60000000,105112.51370600,0
1606674240.0,0.59597000,0.59709000,0.59555000,0.59668000,376539.30000000,1606674299999,224519.99594100,383,255494.10000000,152338.15411800,0
1606674300.0,0.59667000,0.59771000,0.59632000,0.59690000,310111.20000000,1606674359999,185135.13560100,300,97038.80000000,57943.29885800,0
1606674360.0,0.59702000,0.59850000,0.59700000,0.59790000,472322.30000000,1606674419999,282326.81591700,337,326467.80000000,195133.98281200,0
1606674420.0,0.59776000,0.59808000,0.59670000,0.59670000,142038.70000000,1606674479999,84860.62847600,182,55165.00000000,32959.54515600,0
1606674480.0,0.59660000,0.59700000,0.59559000,0.59598000,175131.00000000,1606674539999,104426.48924700,222,81833.20000000,48800.52916100,0
1606674540.0,0.59597000,0.59700000,0.59529000,0.59548000,314486.70000000,1606674599999,187588.19559500,245,131253.30000000,78285.76241100,0
1606674600.0,0.59563000,0.59702000,0.59552000,0.59702000,248786.60000000,1606674659999,148370.50067600,201,148901.00000000,88803.04228700,0
1606674660.0,0.59702000,0.59970000,0.59702000,0.59945000,911601.60000000,1606674719999,545663.53574800,676,556000.50000000,332666.59582600,0
1606674720.0,0.59968000,0.59971000,0.59818000,0.59932000,353353.50000000,1606674779999,211622.55602700,332,159861.10000000,95744.65329900,0
1606674780.0,0.59934000,0.60100000,0.59910000,0.60060000,835919.30000000,1606674839999,501466.26649200,506,458089.90000000,274843.96002500,0
1606674840.0,0.60060000,0.60159000,0.59957000,0.59974000,413035.60000000,1606674899999,248156.16348900,396,244625.70000000,147000.10330300,0
1606674900.0,0.59982000,0.60062000,0.59926000,0.59960000,309175.40000000,1606674959999,185536.86981600,248,127007.60000000,76221.61358000,0
1606674960.0,0.59960000,0.60015000,0.59945000,0.60015000,241942.70000000,1606675019999,145111.10597200,143,162642.70000000,97553.99394500,0
1606675020.0,0.60016000,0.60040000,0.59982000,0.59982000,89789.20000000,1606675079999,53889.83703800,121,60669.70000000,36418.02931100,0
1606675080.0,0.59982000,0.60019000,0.59902000,0.59980000,269593.40000000,1606675139999,161642.37496800,184,87378.80000000,52412.77081600,0
1606675140.0,0.59974000,0.59978000,0.59928000,0.59953000,165766.00000000,1606675199999,99374.58023000,108,76399.10000000,45804.10542500,0
1606675200.0,0.59945000,0.60067000,0.59943000,0.59959000,209533.30000000,1606675259999,125698.60941900,179,158042.10000000,94812.24897400,0
1606675260.0,0.59958000,0.60001000,0.59925000,0.59946000,107451.10000000,1606675319999,64436.93774000,124,31301.30000000,18776.48899300,0
1606675320.0,0.59945000,0.60000000,0.59916000,0.59916000,84131.20000000,1606675379999,50448.15169800,144,36519.70000000,21904.63904900,0
1606675380.0,0.59930000,0.59979000,0.59925000,0.59959000,78293.60000000,1606675439999,46944.22221500,143,70311.10000000,42158.30632100,0
1606675440.0,0.59968000,0.59979000,0.59921000,0.59926000,128375.40000000,1606675499999,76966.22478400,95,29686.50000000,17801.69006400,0
1606675500.0,0.59924000,0.59982000,0.59658000,0.59672000,283225.60000000,1606675559999,169383.45670900,335,89169.60000000,53342.71425000,0
1606675560.0,0.59664000,0.59681000,0.59516000,0.59610000,779727.10000000,1606675619999,464698.83006300,530,363544.80000000,216688.42745500,0
1606675620.0,0.59623000,0.59920000,0.59623000,0.59782000,390027.30000000,1606675679999,233169.50086800,348,213982.50000000,127882.42810800,0
1606675680.0,0.59787000,0.60066000,0.59751000,0.60033000,780812.20000000,1606675739999,467818.13419300,472,588336.80000000,352514.87464800,0
1606675740.0,0.60043000,0.60345000,0.60032000,0.60344000,871225.40000000,1606675799999,524519.65386400,835,501172.10000000,301770.28012300,0
1606675800.0,0.60344000,0.60417000,0.60217000,0.60321000,810004.10000000,1606675859999,488662.20827900,619,552280.50000000,333214.67504200,0
1606675860.0,0.60323000,0.60474000,0.60323000,0.60466000,520695.30000000,1606675919999,314443.00539000,437,300867.70000000,181695.69170500,0
1606675920.0,0.60468000,0.60488000,0.60348000,0.60418000,383348.00000000,1606675979999,231560.36193000,430,181116.20000000,109403.15121000,0
1606675980.0,0.60414000,0.60515000,0.60402000,0.60447000,362189.40000000,1606676039999,218995.42027700,347,215757.40000000,130459.19355800,0
1606676040.0,0.60450000,0.60546000,0.60257000,0.60311000,438842.20000000,1606676099999,265157.42370100,366,137022.80000000,82811.45833000,0
1606676100.0,0.60287000,0.60460000,0.60283000,0.60436000,302500.50000000,1606676159999,182691.86313300,323,170749.50000000,103125.24480200,0
1606676160.0,0.60410000,0.60428000,0.60321000,0.60376000,278802.90000000,1606676219999,168338.16589800,228,131835.20000000,79601.37802400,0
1606676220.0,0.60367000,0.60450000,0.60351000,0.60436000,269562.40000000,1606676279999,162857.21620300,256,163650.40000000,98870.40792700,0
1606676280.0,0.60445000,0.60528000,0.60407000,0.60422000,296583.10000000,1606676339999,179374.07701000,232,214468.00000000,129697.04600300,0
1606676340.0,0.60427000,0.60515000,0.60422000,0.60495000,117224.20000000,1606676399999,70882.64084400,159,88612.50000000,53580.25868100,0
1606676400.0,0.60500000,0.60540000,0.60474000,0.60530000,229087.50000000,1606676459999,138622.95884700,141,157659.80000000,95394.29111500,0
1606676460.0,0.60526000,0.60526000,0.60214000,0.60290000,501167.20000000,1606676519999,302369.97470100,364,161984.60000000,97699.08049300,0
1606676520.0,0.60277000,0.60352000,0.60103000,0.60122000,437694.80000000,1606676579999,263774.24618900,298,267720.20000000,161398.31284300,0
1606676580.0,0.60122000,0.60139000,0.59940000,0.60108000,402888.70000000,1606676639999,241867.68168800,428,189831.10000000,113968.20397200,0
1606676640.0,0.60097000,0.60329000,0.60080000,0.60157000,220805.40000000,1606676699999,133010.35569400,319,67077.60000000,40412.70187400,0
1606676700.0,0.60152000,0.60298000,0.60140000,0.60185000,528698.10000000,1606676759999,318347.03652600,286,291884.60000000,175731.07365600,0
1606676760.0,0.60178000,0.60267000,0.60072000,0.60117000,130663.20000000,1606676819999,78638.61063800,169,80057.00000000,48180.00451700,0
1606676820.0,0.60111000,0.60174000,0.60110000,0.60157000,139852.10000000,1606676879999,84117.47995400,145,33661.70000000,20246.48876000,0
1606676880.0,0.60149000,0.60175000,0.60120000,0.60136000,62822.80000000,1606676939999,37783.93928800,95,36479.50000000,21939.87305200,0
1606676940.0,0.60140000,0.60398000,0.60044000,0.60397000,1037832.70000000,1606676999999,624392.87871200,472,675268.60000000,406263.39588300,0
1606677000.0,0.60400000,0.60400000,0.60036000,0.60077000,461499.20000000,1606677059999,277646.46560800,359,179241.80000000,107787.41727400,0
1606677060.0,0.60088000,0.60155000,0.59821000,0.59979000,872473.50000000,1606677119999,523213.12621600,611,359663.30000000,215723.29906400,0
1606677120.0,0.59980000,0.60100000,0.59967000,0.60058000,274084.00000000,1606677179999,164515.17578900,261,110068.40000000,66068.55876200,0
1606677180.0,0.60059000,0.60083000,0.59906000,0.60036000,280469.20000000,1606677239999,168201.11601500,224,111670.40000000,66967.88787000,0
1606677240.0,0.60039000,0.60058000,0.59926000,0.60020000,177456.10000000,1606677299999,106480.40677300,135,88536.40000000,53121.73527300,0
1606677300.0,0.60023000,0.60085000,0.59924000,0.59997000,257581.80000000,1606677359999,154543.31617600,185,130941.50000000,78552.16711900,0
1606677360.0,0.59999000,0.60076000,0.59925000,0.59982000,471599.60000000,1606677419999,282933.21307500,201,261778.10000000,157060.48563000,0
1606677420.0,0.59993000,0.60070000,0.59948000,0.59950000,234014.60000000,1606677479999,140417.62970800,142,159613.90000000,95786.12308800,0
1606677480.0,0.59966000,0.59966000,0.59832000,0.59917000,620163.70000000,1606677539999,371421.44404600,276,268006.60000000,160493.12913000,0
1606677540.0,0.59908000,0.60054000,0.59907000,0.59965000,219269.70000000,1606677599999,131526.03576000,183,69246.90000000,41528.81588900,0
1606677600.0,0.59953000,0.60013000,0.59901000,0.59929000,105647.40000000,1606677659999,63344.66148300,101,31345.60000000,18793.04026800,0
1606677660.0,0.59937000,0.60050000,0.59928000,0.59961000,266498.70000000,1606677719999,159851.69081800,155,215175.50000000,129059.21812300,0
1606677720.0,0.59963000,0.60049000,0.59959000,0.60011000,142796.70000000,1606677779999,85683.08436500,110,112414.10000000,67452.92064600,0
1606677780.0,0.60011000,0.60011000,0.59760000,0.59856000,712227.10000000,1606677839999,426392.31157100,389,270346.10000000,161749.44135900,0
1606677840.0,0.59859000,0.59900000,0.59724000,0.59778000,348657.50000000,1606677899999,208503.83373200,274,220662.00000000,131968.20090900,0
1606677900.0,0.59778000,0.59918000,0.59755000,0.59866000,315990.40000000,1606677959999,189197.87681100,196,196469.20000000,117652.91935300,0
1606677960.0,0.59860000,0.60027000,0.59850000,0.59990000,336062.10000000,1606678019999,201467.28731400,222,217836.90000000,130600.00540200,0
1606678020.0,0.60015000,0.60024000,0.59835000,0.59838000,177660.10000000,1606678079999,106368.91831300,145,111714.20000000,66866.23436300,0
1606678080.0,0.59841000,0.59929000,0.59739000,0.59766000,432955.80000000,1606678139999,259027.28941800,266,219864.40000000,131555.27233800,0
1606678140.0,0.59758000,0.59833000,0.59737000,0.59768000,209493.00000000,1606678199999,125231.01429300,179,103365.50000000,61791.56491100,0
1606678200.0,0.59776000,0.59798000,0.59717000,0.59751000,192969.80000000,1606678259999,115318.30792400,145,127801.20000000,76377.16028500,0
1606678260.0,0.59745000,0.59820000,0.59745000,0.59819000,102522.80000000,1606678319999,61306.05296300,119,65496.00000000,39165.43638000,0
1606678320.0,0.59820000,0.59916000,0.59814000,0.59898000,177069.60000000,1606678379999,106003.87556300,145,132850.10000000,79530.21230100,0
1606678380.0,0.59900000,0.59900000,0.59762000,0.59808000,317072.80000000,1606678439999,189644.98212000,200,134042.60000000,80161.07760600,0
1606678440.0,0.59809000,0.59833000,0.59701000,0.59812000,349140.60000000,1606678499999,208600.09512100,231,174955.40000000,104527.51305100,0
1606678500.0,0.59811000,0.59886000,0.59808000,0.59875000,191871.30000000,1606678559999,114833.13184000,139,91740.60000000,54903.67400500,0
1606678560.0,0.59887000,0.59949000,0.59786000,0.59786000,227883.30000000,1606678619999,136498.96367400,181,86726.80000000,51956.56254800,0
1606678620.0,0.59779000,0.59805000,0.59687000,0.59782000,303259.50000000,1606678679999,181121.09855700,227,134795.70000000,80512.68803000,0
1606678680.0,0.59758000,0.59772000,0.59581000,0.59674000,271860.10000000,1606678739999,162161.53555300,261,121504.70000000,72496.20973000,0
1606678740.0,0.59671000,0.59687000,0.59500000,0.59500000,280492.40000000,1606678799999,167093.88097500,273,156905.40000000,93509.72690900,0
1606678800.0,0.59500000,0.59550000,0.59443000,0.59500000,596505.40000000,1606678859999,354902.28633300,345,304251.50000000,181047.62362400,0
1606678860.0,0.59492000,0.59720000,0.59468000,0.59708000,399074.40000000,1606678919999,237883.08104800,251,306414.20000000,182648.62979600,0
1606678920.0,0.59720000,0.59858000,0.59655000,0.59655000,220628.70000000,1606678979999,131860.64772100,209,66633.00000000,39834.40865200,0
1606678980.0,0.59672000,0.59743000,0.59513000,0.59533000,246370.70000000,1606679039999,146879.95089100,128,177022.60000000,105537.15121800,0
1606679040.0,0.59539000,0.59681000,0.59539000,0.59654000,180439.00000000,1606679099999,107596.15126300,152,110965.40000000,66161.48203500,0
1606679100.0,0.59654000,0.59654000,0.59450000,0.59450000,243090.30000000,1606679159999,144722.56982500,186,44621.70000000,26570.25810800,0
1606679160.0,0.59450000,0.59638000,0.59431000,0.59583000,596890.20000000,1606679219999,355244.77689500,246,436226.30000000,259587.26448900,0
1606679220.0,0.59596000,0.59841000,0.59596000,0.59706000,396054.10000000,1606679279999,236530.98374400,305,172834.30000000,103208.08052700,0
1606679280.0,0.59731000,0.59731000,0.59533000,0.59612000,308392.20000000,1606679339999,183759.05548400,186,60029.40000000,35777.42507600,0
1606679340.0,0.59608000,0.59650000,0.59553000,0.59554000,93670.50000000,1606679399999,55824.41372300,86,47355.20000000,28225.64309800,0
1606679400.0,0.59556000,0.59691000,0.59517000,0.59544000,202610.80000000,1606679459999,120786.75790800,128,135438.70000000,80758.82586400,0
1606679460.0,0.59556000,0.59621000,0.59453000,0.59453000,194044.60000000,1606679519999,115503.87128000,135,75121.10000000,44726.23699200,0
1606679520.0,0.59453000,0.59571000,0.59376000,0.59418000,423463.20000000,1606679579999,251694.45387000,273,94797.30000000,56392.24800900,0
1606679580.0,0.59412000,0.59543000,0.59370000,0.59384000,384212.60000000,1606679639999,228480.71359900,235,177492.80000000,105561.03770600,0
1606679640.0,0.59370000,0.59374000,0.59000000,0.59094000,2377374.50000000,1606679699999,1405638.83964800,1440,745394.20000000,440842.74703100,0
1606679700.0,0.59086000,0.59331000,0.59086000,0.59290000,450743.50000000,1606679759999,266922.04769600,290,212135.50000000,125637.28077900,0
1606679760.0,0.59324000,0.59429000,0.59276000,0.59319000,272968.50000000,1606679819999,162057.53816500,183,65675.30000000,38986.56031400,0
1606679820.0,0.59319000,0.59319000,0.59169000,0.59177000,519896.70000000,1606679879999,307919.88492800,241,174874.70000000,103578.93337200,0
1606679880.0,0.59169000,0.59181000,0.59000000,0.59160000,603260.70000000,1606679939999,356291.14226400,426,330302.00000000,195112.86127800,0
1606679940.0,0.59158000,0.59302000,0.59149000,0.59301000,296488.60000000,1606679999999,175677.89416600,168,197659.00000000,117115.67162300,0
1606680000.0,0.59301000,0.59317000,0.59123000,0.59193000,308224.00000000,1606680059999,182418.34798500,239,172091.40000000,101855.99049100,0
1606680060.0,0.59208000,0.59343000,0.59180000,0.59328000,252236.70000000,1606680119999,149410.41303000,211,126666.90000000,75037.17562500,0
1606680120.0,0.59327000,0.59587000,0.59327000,0.59362000,569456.30000000,1606680179999,338484.48820600,542,344353.70000000,204700.97276300,0
1606680180.0,0.59349000,0.59576000,0.59327000,0.59522000,441814.40000000,1606680239999,262909.65874700,244,183112.60000000,108935.43803500,0
1606680240.0,0.59522000,0.59664000,0.59394000,0.59557000,563567.90000000,1606680299999,335554.75832700,377,299508.90000000,178312.98951400,0
1606680300.0,0.59590000,0.59719000,0.59559000,0.59696000,240198.20000000,1606680359999,143326.41309000,213,199182.10000000,118851.74420300,0
1606680360.0,0.59700000,0.59750000,0.59436000,0.59459000,780630.10000000,1606680419999,465225.25233600,341,118654.40000000,70713.35556900,0
1606680420.0,0.59486000,0.59615000,0.59435000,0.59581000,285319.70000000,1606680479999,169821.12278000,272,210361.80000000,125208.33610600,0
1606680480.0,0.59584000,0.59800000,0.59582000,0.59770000,218483.80000000,1606680539999,130429.46263600,221,130295.00000000,77768.85783100,0
1606680540.0,0.59773000,0.59999000,0.59761000,0.59910000,763346.20000000,1606680599999,457253.88850300,580,410678.90000000,246050.90904600,0
1606680600.0,0.59940000,0.59957000,0.59780000,0.59816000,305555.60000000,1606680659999,182966.56167700,243,146724.80000000,87851.09395500,0
1606680660.0,0.59812000,0.59900000,0.59680000,0.59819000,291061.50000000,1606680719999,173976.07826600,266,137433.60000000,82183.58703200,0
1606680720.0,0.59784000,0.59800000,0.59720000,0.59768000,123893.10000000,1606680779999,74050.05566700,109,34712.20000000,20744.97632100,0
1606680780.0,0.59769000,0.59900000,0.59767000,0.59811000,284703.70000000,1606680839999,170339.47241900,151,200787.60000000,120114.31953100,0
1606680840.0,0.59815000,0.59864000,0.59751000,0.59818000,251837.90000000,1606680899999,150591.46517800,189,128998.60000000,77134.69831900,0
1606680900.0,0.59838000,0.59915000,0.59760000,0.59915000,340454.20000000,1606680959999,203758.22107700,205,252296.30000000,151027.83993100,0
1606680960.0,0.59916000,0.60132000,0.59908000,0.60099000,1314988.30000000,1606681019999,789274.61736300,791,1033926.90000000,620540.06455400,0
1606681020.0,0.60088000,0.60170000,0.60036000,0.60170000,306578.30000000,1606681079999,184204.64685100,273,63400.40000000,38106.84518200,0
1606681080.0,0.60170000,0.60385000,0.60151000,0.60187000,1266672.70000000,1606681139999,763420.01913000,785,706952.00000000,426061.40347800,0
1606681140.0,0.60216000,0.60422000,0.60194000,0.60406000,879221.10000000,1606681199999,530448.79891500,534,487708.50000000,294393.51359400,0
1606681200.0,0.60416000,0.60469000,0.60117000,0.60164000,753779.20000000,1606681259999,454705.36272600,569,360373.40000000,217317.66616900,0
1606681260.0,0.60187000,0.60333000,0.60062000,0.60228000,436701.20000000,1606681319999,262850.22458200,310,253330.40000000,152473.56553400,0
1606681320.0,0.60242000,0.60421000,0.60228000,0.60266000,419326.90000000,1606681379999,253025.85083000,294,164424.00000000,99185.80296400,0
1606681380.0,0.60252000,0.60427000,0.60252000,0.60308000,434597.70000000,1606681439999,262325.45425000,370,255472.00000000,154188.78569500,0
1606681440.0,0.60307000,0.60350000,0.60230000,0.60339000,368401.20000000,1606681499999,222204.57920100,188,282251.60000000,170257.48297300,0
1606681500.0,0.60338000,0.60387000,0.60240000,0.60272000,775912.90000000,1606681559999,467987.80924600,337,315338.00000000,190191.19778700,0
1606681560.0,0.60294000,0.60385000,0.60276000,0.60335000,212398.30000000,1606681619999,128150.45716200,161,103298.50000000,62326.41332400,0
1606681620.0,0.60344000,0.60435000,0.60270000,0.60367000,765928.30000000,1606681679999,462221.20377700,354,399826.00000000,241280.29415800,0
1606681680.0,0.60349000,0.60394000,0.60293000,0.60344000,475495.00000000,1606681739999,286869.54811900,169,277547.40000000,167446.26115400,0
1606681740.0,0.60321000,0.60354000,0.60211000,0.60222000,181541.40000000,1606681799999,109418.56752900,136,87666.10000000,52844.47515600,0
1606681800.0,0.60227000,0.60237000,0.60059000,0.60116000,253944.50000000,1606681859999,152677.12353300,225,123954.00000000,74517.66666000,0
1606681860.0,0.60089000,0.60279000,0.60069000,0.60270000,337013.90000000,1606681919999,202871.91379100,219,123674.20000000,74409.22596400,0
1606681920.0,0.60261000,0.60394000,0.60218000,0.60328000,279134.50000000,1606681979999,168376.24557000,216,122132.10000000,73676.79596200,0
1606681980.0,0.60353000,0.60398000,0.60250000,0.60251000,218790.80000000,1606682039999,132050.64970400,162,112088.90000000,67644.05516800,0
1606682040.0,0.60250000,0.60292000,0.60180000,0.60181000,283250.70000000,1606682099999,170591.46668900,133,163889.10000000,98716.17191900,0
1606682100.0,0.60181000,0.60240000,0.60100000,0.60240000,163194.30000000,1606682159999,98195.06291800,109,91374.60000000,54990.06653300,0
1606682160.0,0.60239000,0.60262000,0.60201000,0.60243000,234058.60000000,1606682219999,140980.29585000,151,27263.50000000,16421.45079500,0
1606682220.0,0.60246000,0.60301000,0.60171000,0.60274000,337397.60000000,1606682279999,203317.69365600,146,205255.50000000,123706.27263600,0
1606682280.0,0.60278000,0.60284000,0.60175000,0.60207000,194234.40000000,1606682339999,116958.27710800,129,80668.50000000,48577.00008800,0
1606682340.0,0.60207000,0.60208000,0.60114000,0.60121000,202214.70000000,1606682399999,121654.96119500,119,153229.50000000,92191.86767700,0
1606682400.0,0.60121000,0.60225000,0.60120000,0.60184000,592716.80000000,1606682459999,356669.43261600,167,462351.80000000,278216.73591200,0
1606682460.0,0.60181000,0.60226000,0.60162000,0.60213000,117167.20000000,1606682519999,70524.96947400,101,64675.20000000,38926.54429400,0
1606682520.0,0.60234000,0.60280000,0.60168000,0.60187000,184572.50000000,1606682579999,111184.58977600,183,76018.10000000,45788.43702100,0
1606682580.0,0.60210000,0.60342000,0.60203000,0.60320000,557339.70000000,1606682639999,335996.52159300,247,406241.40000000,244941.00257000,0
1606682640.0,0.60321000,0.60338000,0.60266000,0.60319000,169277.50000000,1606682699999,102093.65103100,142,104734.40000000,63172.02353500,0
1606682700.0,0.60329000,0.60342000,0.60199000,0.60200000,392654.30000000,1606682759999,236647.34803800,202,129311.50000000,77924.64551500,0
1606682760.0,0.60199000,0.60231000,0.60100000,0.60209000,350110.70000000,1606682819999,210705.89548900,230,178559.50000000,107485.93919500,0
1606682820.0,0.60209000,0.60268000,0.60111000,0.60111000,664604.70000000,1606682879999,400116.60014500,247,97371.00000000,58613.75032700,0
1606682880.0,0.60137000,0.60179000,0.60075000,0.60177000,261840.00000000,1606682939999,157451.92967500,166,124825.70000000,75068.87526700,0
1606682940.0,0.60160000,0.60195000,0.60054000,0.60100000,862785.70000000,1606682999999,518876.34818600,284,487957.80000000,293493.00815100,0
1606683000.0,0.60097000,0.60098000,0.60018000,0.60054000,480095.60000000,1606683059999,288321.87902800,248,185844.10000000,111609.87437000,0
1606683060.0,0.60046000,0.60071000,0.59929000,0.59930000,593221.50000000,1606683119999,355983.78938300,394,330562.10000000,198360.54609300,0
1606683120.0,0.59929000,0.59937000,0.59800000,0.59845000,600031.80000000,1606683179999,359255.78541300,414,205370.00000000,122968.30919500,0
1606683180.0,0.59842000,0.60100000,0.59811000,0.60099000,376955.70000000,1606683239999,226071.32263900,259,210145.20000000,126027.83056600,0
1606683240.0,0.60091000,0.60143000,0.60038000,0.60053000,417109.40000000,1606683299999,250600.33005300,240,175266.10000000,105284.71804400,0
1606683300.0,0.60052000,0.60106000,0.60028000,0.60052000,250816.70000000,1606683359999,150655.67000700,189,95535.70000000,57381.37516500,0
1606683360.0,0.60053000,0.60086000,0.60000000,0.60000000,198727.20000000,1606683419999,119280.57327000,128,61394.50000000,36858.91899000,0
1606683420.0,0.60000000,0.60012000,0.59899000,0.59922000,251377.00000000,1606683479999,150736.48239800,161,62285.10000000,37349.85322000,0
1606683480.0,0.59952000,0.59960000,0.59887000,0.59938000,152566.10000000,1606683539999,91411.74593700,116,62320.80000000,37339.82596100,0
1606683540.0,0.59953000,0.60161000,0.59936000,0.60153000,286725.40000000,1606683599999,172122.31056800,219,145281.40000000,87211.30453200,0
1606683600.0,0.60152000,0.60152000,0.60044000,0.60082000,773590.80000000,1606683659999,464932.55759400,237,553238.10000000,332486.04798000,0
1606683660.0,0.60095000,0.60300000,0.60043000,0.60296000,977920.20000000,1606683719999,588044.07824300,508,686327.90000000,412641.40532400,0
1606683720.0,0.60296000,0.60485000,0.60279000,0.60462000,1600569.60000000,1606683779999,966623.89289700,814,1029079.60000000,621518.30174500,0
1606683780.0,0.60463000,0.60715000,0.60459000,0.60634000,1425799.20000000,1606683839999,864089.04419500,949,845463.80000000,512309.24038700,0
1606683840.0,0.60632000,0.61000000,0.60626000,0.61000000,1393824.40000000,1606683899999,848290.93173200,883,956851.20000000,582504.13769300,0
1606683900.0,0.60973000,0.61383000,0.60929000,0.61309000,2116389.20000000,1606683959999,1293261.95107700,1276,1264451.70000000,772604.85889000,0
1606683960.0,0.61366000,0.61500000,0.61282000,0.61499000,1904200.20000000,1606684019999,1169774.62912700,883,815061.80000000,500874.58928300,0
1606684020.0,0.61468000,0.61530000,0.61089000,0.61289000,3236390.50000000,1606684079999,1984904.73304000,1272,931342.20000000,570738.53140800,0
1606684080.0,0.61255000,0.61529000,0.61242000,0.61474000,1495750.70000000,1606684139999,918738.72234500,785,755922.40000000,464398.20721300,0
1606684140.0,0.61494000,0.61617000,0.61461000,0.61540000,808774.00000000,1606684199999,497563.05279400,660,337515.70000000,207714.03868100,0
1606684200.0,0.61512000,0.61538000,0.61342000,0.61468000,988934.20000000,1606684259999,607556.31500800,548,217497.90000000,133624.12952000,0
1606684260.0,0.61475000,0.61500000,0.61300000,0.61375000,537087.60000000,1606684319999,329570.99343400,388,306029.80000000,187757.79978900,0
1606684320.0,0.61375000,0.61434000,0.61332000,0.61402000,256543.90000000,1606684379999,157478.34937900,253,168912.60000000,103690.73443100,0
1606684380.0,0.61404000,0.61500000,0.61404000,0.61493000,453744.30000000,1606684439999,278903.22626700,270,254704.20000000,156554.71678500,0
1606684440.0,0.61480000,0.61564000,0.61460000,0.61510000,679452.90000000,1606684499999,418005.49897000,271,549180.00000000,337907.44020600,0
1606684500.0,0.61507000,0.61973000,0.61506000,0.61913000,1870218.20000000,1606684559999,1155101.97014200,1392,1263252.00000000,780294.47739800,0
1606684560.0,0.61903000,0.61974000,0.61687000,0.61748000,1048016.00000000,1606684619999,648267.65001000,776,407996.70000000,252478.72826400,0
1606684620.0,0.61740000,0.61818000,0.61473000,0.61475000,702410.50000000,1606684679999,433210.88469100,569,472410.40000000,291455.76379100,0
1606684680.0,0.61474000,0.61489000,0.61250000,0.61479000,1077836.90000000,1606684739999,661344.01344600,778,591916.70000000,363269.63573100,0
1606684740.0,0.61479000,0.61782000,0.61436000,0.61648000,813956.90000000,1606684799999,501802.04858100,684,531638.30000000,327787.72547400,0
1606684800.0,0.61654000,0.61689000,0.61500000,0.61552000,338686.90000000,1606684859999,208542.84296500,291,149493.20000000,92053.89056700,0
1606684860.0,0.61539000,0.61552000,0.61429000,0.61450000,355199.60000000,1606684919999,218454.52118900,247,113951.00000000,70087.87189000,0
1606684920.0,0.61448000,0.61495000,0.61400000,0.61410000,250416.30000000,1606684979999,153876.00130500,191,127566.00000000,78392.39418000,0
1606684980.0,0.61408000,0.61478000,0.61272000,0.61400000,699111.60000000,1606685039999,428919.56412200,442,462488.30000000,283658.27890200,0
1606685040.0,0.61392000,0.61400000,0.61254000,0.61296000,325549.00000000,1606685099999,199551.56388800,298,133598.60000000,81893.18779500,0
1606685100.0,0.61299000,0.61477000,0.61289000,0.61422000,382287.80000000,1606685159999,234657.84209300,392,213849.80000000,131224.27864500,0
1606685160.0,0.61422000,0.61476000,0.61351000,0.61371000,276089.50000000,1606685219999,169578.86510900,232,211771.10000000,130073.63516800,0
1606685220.0,0.61341000,0.61365000,0.60984000,0.61359000,1588674.70000000,1606685279999,971025.64433600,1024,543119.80000000,331972.82494200,0
1606685280.0,0.61360000,0.61454000,0.61321000,0.61401000,462981.30000000,1606685339999,284218.66248100,430,222750.50000000,136754.81509800,0
1606685340.0,0.61380000,0.61467000,0.61248000,0.61267000,304900.20000000,1606685399999,187180.56151100,246,215173.20000000,132130.75280900,0
1606685400.0,0.61268000,0.61459000,0.61265000,0.61439000,417631.00000000,1606685459999,256462.40084700,270,234000.90000000,143693.11645000,0
1606685460.0,0.61438000,0.61500000,0.61408000,0.61474000,117670.10000000,1606685519999,72323.27607000,128,60139.00000000,36968.67703000,0
